[{"model": "svig.guideline", "pk": 1, "fields": {"guideline": "acgs_2024", "criteria": [1, 2, 3, 4, 5, 6, 7, 8, 9, 10, 11, 12, 13, 14, 15, 16, 17, 18, 19, 20, 21, 22, 23, 24, 25, 26, 27, 28, 29, 30, 31, 32, 33, 34, 35, 36, 37, 38, 39, 40, 41, 42, 43, 44, 45, 46, 47, 48, 49, 50, 52, 53, 54]}}, {"model": "svig.guideline", "pk": 2, "fields": {"guideline": "svig_2024", "criteria": [55, 56, 57, 58, 59, 60, 61, 62, 63, 64, 65, 66, 67, 68, 69, 70, 71, 72, 73, 74, 75, 76, 77, 78, 79, 80, 81, 82, 83, 84, 85, 86, 87, 88, 89, 90, 91]}}, {"model": "svig.categorysortorder", "pk": 1, "fields": {"guideline": 2, "category": 1, "sort_order": 1}}, {"model": "svig.categorysortorder", "pk": 2, "fields": {"guideline": 2, "category": 10, "sort_order": 2}}, {"model": "svig.categorysortorder", "pk": 3, "fields": {"guideline": 2, "category": 8, "sort_order": 3}}, {"model": "svig.categorysortorder", "pk": 4, "fields": {"guideline": 2, "category": 4, "sort_order": 4}}, {"model": "svig.categorysortorder", "pk": 5, "fields": {"guideline": 2, "category": 3, "sort_order": 5}}, {"model": "svig.categorysortorder", "pk": 6, "fields": {"guideline": 2, "category": 5, "sort_order": 6}}, {"model": "svig.categorysortorder", "pk": 7, "fields": {"guideline": 1, "category": 1, "sort_order": 1}}, {"model": "svig.categorysortorder", "pk": 8, "fields": {"guideline": 1, "category": 10, "sort_order": 2}}, {"model": "svig.categorysortorder", "pk": 9, "fields": {"guideline": 1, "category": 3, "sort_order": 3}}, {"model": "svig.categorysortorder", "pk": 10, "fields": {"guideline": 1, "category": 4, "sort_order": 4}}, {"model": "svig.categorysortorder", "pk": 11, "fields": {"guideline": 1, "category": 7, "sort_order": 5}}, {"model": "svig.categorysortorder", "pk": 12, "fields": {"guideline": 1, "category": 5, "sort_order": 6}}, {"model": "svig.categorysortorder", "pk": 13, "fields": {"guideline": 1, "category": 11, "sort_order": 7}}, {"model": "svig.classificationcriteria", "pk": 1, "fields": {"code": 1, "strength": 1}}, {"model": "svig.classificationcriteria", "pk": 2, "fields": {"code": 1, "strength": 2}}, {"model": "svig.classificationcriteria", "pk": 3, "fields": {"code": 1, "strength": 3}}, {"model": "svig.classificationcriteria", "pk": 4, "fields": {"code": 1, "strength": 4}}, {"model": "svig.classificationcriteria", "pk": 5, "fields": {"code": 2, "strength": 2}}, {"model": "svig.classificationcriteria", "pk": 6, "fields": {"code": 2, "strength": 3}}, {"model": "svig.classificationcriteria", "pk": 7, "fields": {"code": 2, "strength": 4}}, {"model": "svig.classificationcriteria", "pk": 8, "fields": {"code": 3, "strength": 1}}, {"model": "svig.classificationcriteria", "pk": 9, "fields": {"code": 3, "strength": 2}}, {"model": "svig.classificationcriteria", "pk": 10, "fields": {"code": 3, "strength": 3}}, {"model": "svig.classificationcriteria", "pk": 11, "fields": {"code": 3, "strength": 4}}, {"model": "svig.classificationcriteria", "pk": 12, "fields": {"code": 4, "strength": 1}}, {"model": "svig.classificationcriteria", "pk": 13, "fields": {"code": 4, "strength": 2}}, {"model": "svig.classificationcriteria", "pk": 14, "fields": {"code": 4, "strength": 3}}, {"model": "svig.classificationcriteria", "pk": 15, "fields": {"code": 4, "strength": 4}}, {"model": "svig.classificationcriteria", "pk": 16, "fields": {"code": 5, "strength": 2}}, {"model": "svig.classificationcriteria", "pk": 17, "fields": {"code": 5, "strength": 3}}, {"model": "svig.classificationcriteria", "pk": 18, "fields": {"code": 5, "strength": 4}}, {"model": "svig.classificationcriteria", "pk": 19, "fields": {"code": 6, "strength": 2}}, {"model": "svig.classificationcriteria", "pk": 20, "fields": {"code": 6, "strength": 3}}, {"model": "svig.classificationcriteria", "pk": 21, "fields": {"code": 6, "strength": 4}}, {"model": "svig.classificationcriteria", "pk": 22, "fields": {"code": 7, "strength": 3}}, {"model": "svig.classificationcriteria", "pk": 23, "fields": {"code": 7, "strength": 4}}, {"model": "svig.classificationcriteria", "pk": 24, "fields": {"code": 8, "strength": 3}}, {"model": "svig.classificationcriteria", "pk": 25, "fields": {"code": 9, "strength": 3}}, {"model": "svig.classificationcriteria", "pk": 26, "fields": {"code": 10, "strength": 3}}, {"model": "svig.classificationcriteria", "pk": 27, "fields": {"code": 10, "strength": 4}}, {"model": "svig.classificationcriteria", "pk": 28, "fields": {"code": 11, "strength": 1}}, {"model": "svig.classificationcriteria", "pk": 29, "fields": {"code": 11, "strength": 2}}, {"model": "svig.classificationcriteria", "pk": 30, "fields": {"code": 11, "strength": 3}}, {"model": "svig.classificationcriteria", "pk": 31, "fields": {"code": 11, "strength": 4}}, {"model": "svig.classificationcriteria", "pk": 32, "fields": {"code": 12, "strength": 4}}, {"model": "svig.classificationcriteria", "pk": 33, "fields": {"code": 13, "strength": 4}}, {"model": "svig.classificationcriteria", "pk": 34, "fields": {"code": 14, "strength": 2}}, {"model": "svig.classificationcriteria", "pk": 35, "fields": {"code": 14, "strength": 3}}, {"model": "svig.classificationcriteria", "pk": 36, "fields": {"code": 14, "strength": 4}}, {"model": "svig.classificationcriteria", "pk": 37, "fields": {"code": 15, "strength": 2}}, {"model": "svig.classificationcriteria", "pk": 38, "fields": {"code": 15, "strength": 3}}, {"model": "svig.classificationcriteria", "pk": 39, "fields": {"code": 15, "strength": 4}}, {"model": "svig.classificationcriteria", "pk": 40, "fields": {"code": 16, "strength": 8}}, {"model": "svig.classificationcriteria", "pk": 41, "fields": {"code": 17, "strength": 7}}, {"model": "svig.classificationcriteria", "pk": 42, "fields": {"code": 18, "strength": 7}}, {"model": "svig.classificationcriteria", "pk": 43, "fields": {"code": 19, "strength": 7}}, {"model": "svig.classificationcriteria", "pk": 44, "fields": {"code": 19, "strength": 6}}, {"model": "svig.classificationcriteria", "pk": 45, "fields": {"code": 19, "strength": 5}}, {"model": "svig.classificationcriteria", "pk": 46, "fields": {"code": 20, "strength": 2}}, {"model": "svig.classificationcriteria", "pk": 47, "fields": {"code": 21, "strength": 5}}, {"model": "svig.classificationcriteria", "pk": 48, "fields": {"code": 22, "strength": 5}}, {"model": "svig.classificationcriteria", "pk": 49, "fields": {"code": 23, "strength": 5}}, {"model": "svig.classificationcriteria", "pk": 50, "fields": {"code": 24, "strength": 5}}, {"model": "svig.classificationcriteria", "pk": 52, "fields": {"code": 25, "strength": 5}}, {"model": "svig.classificationcriteria", "pk": 53, "fields": {"code": 26, "strength": 7}}, {"model": "svig.classificationcriteria", "pk": 54, "fields": {"code": 26, "strength": 5}}, {"model": "svig.classificationcriteria", "pk": 55, "fields": {"code": 27, "strength": 3}}, {"model": "svig.classificationcriteria", "pk": 56, "fields": {"code": 28, "strength": 5}}, {"model": "svig.classificationcriteria", "pk": 57, "fields": {"code": 28, "strength": 6}}, {"model": "svig.classificationcriteria", "pk": 58, "fields": {"code": 28, "strength": 7}}, {"model": "svig.classificationcriteria", "pk": 59, "fields": {"code": 28, "strength": 9}}, {"model": "svig.classificationcriteria", "pk": 60, "fields": {"code": 28, "strength": 8}}, {"model": "svig.classificationcriteria", "pk": 61, "fields": {"code": 29, "strength": 4}}, {"model": "svig.classificationcriteria", "pk": 62, "fields": {"code": 29, "strength": 3}}, {"model": "svig.classificationcriteria", "pk": 63, "fields": {"code": 29, "strength": 2}}, {"model": "svig.classificationcriteria", "pk": 64, "fields": {"code": 29, "strength": 1}}, {"model": "svig.classificationcriteria", "pk": 65, "fields": {"code": 29, "strength": 10}}, {"model": "svig.classificationcriteria", "pk": 66, "fields": {"code": 30, "strength": 8}}, {"model": "svig.classificationcriteria", "pk": 67, "fields": {"code": 31, "strength": 4}}, {"model": "svig.classificationcriteria", "pk": 68, "fields": {"code": 31, "strength": 3}}, {"model": "svig.classificationcriteria", "pk": 69, "fields": {"code": 31, "strength": 2}}, {"model": "svig.classificationcriteria", "pk": 70, "fields": {"code": 32, "strength": 3}}, {"model": "svig.classificationcriteria", "pk": 71, "fields": {"code": 32, "strength": 4}}, {"model": "svig.classificationcriteria", "pk": 72, "fields": {"code": 33, "strength": 2}}, {"model": "svig.classificationcriteria", "pk": 73, "fields": {"code": 33, "strength": 3}}, {"model": "svig.classificationcriteria", "pk": 74, "fields": {"code": 33, "strength": 4}}, {"model": "svig.classificationcriteria", "pk": 75, "fields": {"code": 34, "strength": 3}}, {"model": "svig.classificationcriteria", "pk": 76, "fields": {"code": 34, "strength": 4}}, {"model": "svig.classificationcriteria", "pk": 77, "fields": {"code": 35, "strength": 5}}, {"model": "svig.classificationcriteria", "pk": 78, "fields": {"code": 36, "strength": 5}}, {"model": "svig.classificationcriteria", "pk": 79, "fields": {"code": 37, "strength": 4}}, {"model": "svig.classificationcriteria", "pk": 80, "fields": {"code": 38, "strength": 5}}, {"model": "svig.classificationcriteria", "pk": 81, "fields": {"code": 39, "strength": 1}}, {"model": "svig.classificationcriteria", "pk": 82, "fields": {"code": 39, "strength": 2}}, {"model": "svig.classificationcriteria", "pk": 83, "fields": {"code": 39, "strength": 3}}, {"model": "svig.classificationcriteria", "pk": 84, "fields": {"code": 39, "strength": 4}}, {"model": "svig.classificationcriteria", "pk": 85, "fields": {"code": 40, "strength": 7}}, {"model": "svig.classificationcriteria", "pk": 86, "fields": {"code": 40, "strength": 6}}, {"model": "svig.classificationcriteria", "pk": 87, "fields": {"code": 40, "strength": 5}}, {"model": "svig.classificationcriteria", "pk": 88, "fields": {"code": 41, "strength": 3}}, {"model": "svig.classificationcriteria", "pk": 89, "fields": {"code": 41, "strength": 4}}, {"model": "svig.classificationcriteria", "pk": 90, "fields": {"code": 42, "strength": 6}}, {"model": "svig.classificationcriteria", "pk": 91, "fields": {"code": 42, "strength": 5}}, {"model": "svig.classificationcriteriacategory", "pk": 1, "fields": {"category": "population"}}, {"model": "svig.classificationcriteriacategory", "pk": 2, "fields": {"category": "predictive"}}, {"model": "svig.classificationcriteriacategory", "pk": 3, "fields": {"category": "computational"}}, {"model": "svig.classificationcriteriacategory", "pk": 4, "fields": {"category": "effect_on_protein"}}, {"model": "svig.classificationcriteriacategory", "pk": 5, "fields": {"category": "phenotype"}}, {"model": "svig.classificationcriteriacategory", "pk": 6, "fields": {"category": "cancer_databases"}}, {"model": "svig.classificationcriteriacategory", "pk": 7, "fields": {"category": "allelic"}}, {"model": "svig.classificationcriteriacategory", "pk": 8, "fields": {"category": "cancer_databases"}}, {"model": "svig.classificationcriteriacategory", "pk": 9, "fields": {"category": "change"}}, {"model": "svig.classificationcriteriacategory", "pk": 10, "fields": {"category": "mode_of_action"}}, {"model": "svig.classificationcriteriacategory", "pk": 11, "fields": {"category": "de_novo"}}, {"model": "svig.classificationcriteriacategory", "pk": 12, "fields": {"category": "functional_studies"}}, {"model": "svig.classificationcriteriacode", "pk": 1, "fields": {"code": "PVS1", "pathogenic_or_benign": "P", "description": "Null variant (nonsense, frameshift, canonical \u00b11 or 2 splice sites, initiation codon, single or multi-exon deletion or duplication) in a gene where LOF is a known mechanism of disease; and non-canonical splice variants where RNA analysis confirms aberrant transcription.", "links": "https://pmc.ncbi.nlm.nih.gov/articles/PMC6185798/", "category": 10, "paired_criteria": null}}, {"model": "svig.classificationcriteriacode", "pk": 2, "fields": {"code": "PS1", "pathogenic_or_benign": "P", "description": "Same amino acid change as a previously established pathogenic variant regardless of nucleotide change and splicing variants within the same motif with identical predicted effect", "links": "", "category": 10, "paired_criteria": null}}, {"model": "svig.classificationcriteriacode", "pk": 3, "fields": {"code": "PS2", "pathogenic_or_benign": "P", "description": "De novo (both maternity and paternity confirmed) in a patient with the disease and no family history", "links": "https://clinicalgenome.org/site/assets/files/3461/svi_proposal_for_de_novo_criteria_v1_1.pdf", "category": 11, "paired_criteria": 11}}, {"model": "svig.classificationcriteriacode", "pk": 4, "fields": {"code": "PS3", "pathogenic_or_benign": "P", "description": "Well-established in vitro or in vivo functional studies supportive of a damaging effect on the gene or gene product", "links": "https://genomemedicine.biomedcentral.com/articles/10.1186/s13073-019-0690-2", "category": 12, "paired_criteria": 19}}, {"model": "svig.classificationcriteriacode", "pk": 5, "fields": {"code": "PS4", "pathogenic_or_benign": "P", "description": "The prevalence of the variant in affected individuals is significantly increased compared with the prevalence in controls", "links": "https://www.medcalc.org/calc/odds_ratio.php", "category": 1, "paired_criteria": null}}, {"model": "svig.classificationcriteriacode", "pk": 6, "fields": {"code": "PM1", "pathogenic_or_benign": "P", "description": "Located in a mutational hot spot and/or critical and well-established functional domain (e.g. active site of an enzyme) without benign variation", "links": "", "category": 4, "paired_criteria": null}}, {"model": "svig.classificationcriteriacode", "pk": 7, "fields": {"code": "PM2", "pathogenic_or_benign": "P", "description": "Absent from controls (or at extremely low frequency if recessive) in Genome Aggregation Database", "links": "", "category": 1, "paired_criteria": null}}, {"model": "svig.classificationcriteriacode", "pk": 8, "fields": {"code": "PM3", "pathogenic_or_benign": "P", "description": "For recessive disorders, detected in trans with a pathogenic variant", "links": "", "category": 7, "paired_criteria": 22}}, {"model": "svig.classificationcriteriacode", "pk": 9, "fields": {"code": "PM4", "pathogenic_or_benign": "P", "description": "Protein length changes as a result of in-frame deletions/insertions in a non-repeat region or stop-loss variants", "links": "", "category": 10, "paired_criteria": null}}, {"model": "svig.classificationcriteriacode", "pk": 10, "fields": {"code": "PM5", "pathogenic_or_benign": "P", "description": "Missense change at amino acid residue where a different missense change determined to be pathogenic has been seen before", "links": "", "category": 10, "paired_criteria": null}}, {"model": "svig.classificationcriteriacode", "pk": 11, "fields": {"code": "PM6", "pathogenic_or_benign": "P", "description": "Assumed de novo, but without confirmation of paternity and maternity", "links": "", "category": 11, "paired_criteria": 3}}, {"model": "svig.classificationcriteriacode", "pk": 12, "fields": {"code": "PP1", "pathogenic_or_benign": "P", "description": "Co-segregation with disease in multiple affected family members in a gene definitively known to cause the disease", "links": "", "category": 11, "paired_criteria": 20}}, {"model": "svig.classificationcriteriacode", "pk": 13, "fields": {"code": "PP2", "pathogenic_or_benign": "P", "description": "Missense variant in a gene that has a low rate of benign missense variation and in which missense variants are a common mechanism of disease", "links": "", "category": 10, "paired_criteria": null}}, {"model": "svig.classificationcriteriacode", "pk": 14, "fields": {"code": "PP3", "pathogenic_or_benign": "P", "description": "Computational evidence supports a deleterious effect on the gene or gene product (conservation, evolutionary, splicing impact, etc.)", "links": "", "category": 3, "paired_criteria": 24}}, {"model": "svig.classificationcriteriacode", "pk": 15, "fields": {"code": "PP4", "pathogenic_or_benign": "P", "description": "Patient\u2019s phenotype or family history is highly specific for a disease with a single genetic aetiology", "links": "", "category": 5, "paired_criteria": null}}, {"model": "svig.classificationcriteriacode", "pk": 16, "fields": {"code": "BA1", "pathogenic_or_benign": "B", "description": "Allele frequency is above 5%", "links": "", "category": 1, "paired_criteria": null}}, {"model": "svig.classificationcriteriacode", "pk": 17, "fields": {"code": "BS1", "pathogenic_or_benign": "B", "description": "Allele frequency is greater than expected for disorder", "links": "http://cardiodb.org/allelefrequencyapp/", "category": 1, "paired_criteria": null}}, {"model": "svig.classificationcriteriacode", "pk": 18, "fields": {"code": "BS2", "pathogenic_or_benign": "B", "description": "Observed in a healthy adult individual for a recessive (homozygous), dominant (heterozygous), or X-linked (hemizygous) disorder with full penetrance expected at an early age", "links": "", "category": 1, "paired_criteria": null}}, {"model": "svig.classificationcriteriacode", "pk": 19, "fields": {"code": "BS3", "pathogenic_or_benign": "B", "description": "Well-established in vitro or in vivo functional studies show no damaging effect on protein function", "links": "", "category": 12, "paired_criteria": 4}}, {"model": "svig.classificationcriteriacode", "pk": 20, "fields": {"code": "BS4", "pathogenic_or_benign": "B", "description": "Non-segregation with disease", "links": "", "category": 11, "paired_criteria": 12}}, {"model": "svig.classificationcriteriacode", "pk": 21, "fields": {"code": "BP1", "pathogenic_or_benign": "B", "description": "Missense variant in a gene for which primarily truncating variants are known to cause disease", "links": "", "category": 4, "paired_criteria": null}}, {"model": "svig.classificationcriteriacode", "pk": 22, "fields": {"code": "BP2", "pathogenic_or_benign": "B", "description": "Observed in trans (on different alleles) with a pathogenic variant for a fully penetrant dominant gene/disorder; or observed in cis (same allele) with a pathogenic variant in any inheritance pattern", "links": "", "category": 7, "paired_criteria": 8}}, {"model": "svig.classificationcriteriacode", "pk": 23, "fields": {"code": "BP3", "pathogenic_or_benign": "B", "description": "In-frame deletions/insertions in a repetitive region without a known function", "links": "", "category": 4, "paired_criteria": null}}, {"model": "svig.classificationcriteriacode", "pk": 24, "fields": {"code": "BP4", "pathogenic_or_benign": "B", "description": "Multiple lines of computational evidence suggest no impact on gene or gene product", "links": "", "category": 3, "paired_criteria": 14}}, {"model": "svig.classificationcriteriacode", "pk": 25, "fields": {"code": "BP5", "pathogenic_or_benign": "B", "description": "Variant found in a case with an alternate molecular basis for disease", "links": "", "category": 7, "paired_criteria": null}}, {"model": "svig.classificationcriteriacode", "pk": 26, "fields": {"code": "BP7", "pathogenic_or_benign": "B", "description": "A synonymous (silent) variant for which splicing prediction algorithms predict no impact to the splice consensus sequence nor the creation of a new splice site AND the nucleotide is not highly conserved; splice variants where RNA studies have confirmed no impact", "links": "", "category": 3, "paired_criteria": null}}, {"model": "svig.classificationcriteriacode", "pk": 27, "fields": {"code": "O3", "pathogenic_or_benign": "O", "description": "Absent or very rare in population database (e.g. gnomAD)", "links": "", "category": 1, "paired_criteria": 28}}, {"model": "svig.classificationcriteriacode", "pk": 28, "fields": {"code": "B1", "pathogenic_or_benign": "B", "description": "Variant is present at a high level in a general population database (e.g. gnomAD)", "links": "", "category": 1, "paired_criteria": 27}}, {"model": "svig.classificationcriteriacode", "pk": 29, "fields": {"code": "O2", "pathogenic_or_benign": "O", "description": "Null variant in a tumour surpressor gene", "links": "", "category": 10, "paired_criteria": null}}, {"model": "svig.classificationcriteriacode", "pk": 30, "fields": {"code": "B2", "pathogenic_or_benign": "B", "description": "Variant does not fit the mode of action of the gene for the cancer under investigation", "links": "", "category": 10, "paired_criteria": null}}, {"model": "svig.classificationcriteriacode", "pk": 31, "fields": {"code": "O4", "pathogenic_or_benign": "O", "description": "Enriched in a somatic variant database (compared to prevalence in controls)", "links": "", "category": 8, "paired_criteria": null}}, {"model": "svig.classificationcriteriacode", "pk": 32, "fields": {"code": "O5", "pathogenic_or_benign": "O", "description": "Missense at an amino acid where a different missense variant has previously been determined to be oncogenic, where LOF is a know mechanism of oncogenicity", "links": "", "category": 4, "paired_criteria": null}}, {"model": "svig.classificationcriteriacode", "pk": 33, "fields": {"code": "O7", "pathogenic_or_benign": "O", "description": "Located in a mutational hotspot and/or critical and well-established functional domain (e.g. active site of an enzyme), without benign variation", "links": "", "category": 4, "paired_criteria": null}}, {"model": "svig.classificationcriteriacode", "pk": 34, "fields": {"code": "O8", "pathogenic_or_benign": "O", "description": "Protein length change due to in-frame deletions/insertions in a non-repeat region or stop-loss variants", "links": "", "category": 4, "paired_criteria": null}}, {"model": "svig.classificationcriteriacode", "pk": 35, "fields": {"code": "B4", "pathogenic_or_benign": "B", "description": "Synonymous/ intronic variants (outside canonical splice sites)", "links": "", "category": 4, "paired_criteria": null}}, {"model": "svig.classificationcriteriacode", "pk": 36, "fields": {"code": "B5", "pathogenic_or_benign": "B", "description": "In-frame deletion in a repetitive region with unknown function", "links": "", "category": 4, "paired_criteria": null}}, {"model": "svig.classificationcriteriacode", "pk": 37, "fields": {"code": "O6", "pathogenic_or_benign": "O", "description": "Computational evidence supports a deleterious effect on the gene or gene product (conservation, evolutionary, splicing impact etc)", "links": "", "category": 3, "paired_criteria": 38}}, {"model": "svig.classificationcriteriacode", "pk": 38, "fields": {"code": "B3", "pathogenic_or_benign": "B", "description": "Computational evidence DOES NOT support a deleterious effect on the gene product (conservation, evolutionary, splicing impact etc)", "links": "", "category": 3, "paired_criteria": 37}}, {"model": "svig.classificationcriteriacode", "pk": 39, "fields": {"code": "O9", "pathogenic_or_benign": "O", "description": "Well-established in vitro or in vivo functional studies demonstrating a functionally abnormal result consistent with the mechanism of disease", "links": "", "category": 12, "paired_criteria": null}}, {"model": "svig.classificationcriteriacode", "pk": 40, "fields": {"code": "B6", "pathogenic_or_benign": "B", "description": "Well-established in vitro or in vivo functional studies demonstrating no damaging effect on protein function or RNA splicing", "links": "", "category": 12, "paired_criteria": null}}, {"model": "svig.classificationcriteriacode", "pk": 41, "fields": {"code": "O10", "pathogenic_or_benign": "O", "description": "Tumour phenotype", "links": "", "category": 5, "paired_criteria": null}}, {"model": "svig.classificationcriteriacode", "pk": 42, "fields": {"code": "B7", "pathogenic_or_benign": "B", "description": "Tumour phenotype", "links": "", "category": 5, "paired_criteria": null}}, {"model": "svig.classificationcriteriastrength", "pk": 1, "fields": {"strength": "very_strong", "evidence_points": 8}}, {"model": "svig.classificationcriteriastrength", "pk": 2, "fields": {"strength": "strong", "evidence_points": 4}}, {"model": "svig.classificationcriteriastrength", "pk": 3, "fields": {"strength": "moderate", "evidence_points": 2}}, {"model": "svig.classificationcriteriastrength", "pk": 4, "fields": {"strength": "supporting", "evidence_points": 1}}, {"model": "svig.classificationcriteriastrength", "pk": 5, "fields": {"strength": "supporting", "evidence_points": -1}}, {"model": "svig.classificationcriteriastrength", "pk": 6, "fields": {"strength": "moderate", "evidence_points": -2}}, {"model": "svig.classificationcriteriastrength", "pk": 7, "fields": {"strength": "strong", "evidence_points": -4}}, {"model": "svig.classificationcriteriastrength", "pk": 8, "fields": {"strength": "standalone", "evidence_points": -100}}, {"model": "svig.classificationcriteriastrength", "pk": 9, "fields": {"strength": "very_strong", "evidence_points": -8}}, {"model": "svig.classificationcriteriastrength", "pk": 10, "fields": {"strength": "standalone", "evidence_points": 100}}]