[{"model": "germline_classification.classificationcriteriastrength", "pk": 1, "fields": {"strength": "very_strong", "evidence_points": 8}}, {"model": "germline_classification.classificationcriteriastrength", "pk": 2, "fields": {"strength": "strong", "evidence_points": 4}}, {"model": "germline_classification.classificationcriteriastrength", "pk": 3, "fields": {"strength": "moderate", "evidence_points": 2}}, {"model": "germline_classification.classificationcriteriastrength", "pk": 4, "fields": {"strength": "supporting", "evidence_points": 1}}, {"model": "germline_classification.classificationcriteriastrength", "pk": 5, "fields": {"strength": "supporting", "evidence_points": -1}}, {"model": "germline_classification.classificationcriteriastrength", "pk": 6, "fields": {"strength": "moderate", "evidence_points": -2}}, {"model": "germline_classification.classificationcriteriastrength", "pk": 7, "fields": {"strength": "strong", "evidence_points": -4}}, {"model": "germline_classification.classificationcriteriastrength", "pk": 8, "fields": {"strength": "standalone", "evidence_points": -100}}, {"model": "germline_classification.classificationcriteriacode", "pk": 1, "fields": {"code": "PVS1", "pathogenic_or_benign": "P", "description": "Null variant (nonsense, frameshift, canonical \u00b11 or 2 splice sites, initiation codon, single or multi-\r\nexon deletion or duplication) in a gene where LOF is a known mechanism of disease; and non-canonical\r\nsplice variants where RNA analysis confirms aberrant transcription", "links": "https://pmc.ncbi.nlm.nih.gov/articles/PMC6185798/"}}, {"model": "germline_classification.classificationcriteriacode", "pk": 2, "fields": {"code": "PS1", "pathogenic_or_benign": "P", "description": "Same amino acid change as a previously established pathogenic variant regardless of nucleotide\r\nchange and splicing variants within the same motif with identical predicted effect", "links": null}}, {"model": "germline_classification.classificationcriteriacode", "pk": 3, "fields": {"code": "PS2", "pathogenic_or_benign": "P", "description": "De novo (both maternity and paternity confirmed) in a patient with the disease and no family\r\nhistory", "links": "https://clinicalgenome.org/site/assets/files/3461/svi_proposal_for_de_novo_criteria_v1_1.pdf"}}, {"model": "germline_classification.classificationcriteriacode", "pk": 4, "fields": {"code": "PS3", "pathogenic_or_benign": "P", "description": "Well-established in vitro or in vivo functional studies supportive of a damaging effect on the gene\r\nor gene product", "links": "https://genomemedicine.biomedcentral.com/articles/10.1186/s13073-019-0690-2"}}, {"model": "germline_classification.classificationcriteriacode", "pk": 5, "fields": {"code": "PS4", "pathogenic_or_benign": "P", "description": "The prevalence of the variant in affected individuals is significantly increased compared with the\r\nprevalence in controls", "links": null}}, {"model": "germline_classification.classificationcriteriacode", "pk": 6, "fields": {"code": "PM1", "pathogenic_or_benign": "P", "description": "Located in a mutational hot spot and/or critical and well-established functional domain (e.g. active\r\nsite of an enzyme) without benign variation", "links": null}}, {"model": "germline_classification.classificationcriteriacode", "pk": 7, "fields": {"code": "PM2", "pathogenic_or_benign": "P", "description": "Absent from controls (or at extremely low frequency if recessive) in Genome Aggregation\r\nDatabase", "links": null}}, {"model": "germline_classification.classificationcriteriacode", "pk": 8, "fields": {"code": "PM3", "pathogenic_or_benign": "P", "description": "For recessive disorders, detected in trans with a pathogenic variant", "links": null}}, {"model": "germline_classification.classificationcriteriacode", "pk": 9, "fields": {"code": "PM4", "pathogenic_or_benign": "P", "description": "Protein length changes as a result of in-frame deletions/insertions in a non-repeat region or stop-\r\nloss variants", "links": null}}, {"model": "germline_classification.classificationcriteriacode", "pk": 10, "fields": {"code": "PM5", "pathogenic_or_benign": "P", "description": "Missense change at amino acid residue where a different missense change determined to be\r\npathogenic has been seen before", "links": null}}, {"model": "germline_classification.classificationcriteriacode", "pk": 11, "fields": {"code": "PM6", "pathogenic_or_benign": "P", "description": "Assumed de novo, but without confirmation of paternity and maternity", "links": "https://clinicalgenome.org/site/assets/files/3461/svi_proposal_for_de_novo_criteria_v1_1.pdf"}}, {"model": "germline_classification.classificationcriteriacode", "pk": 12, "fields": {"code": "PP1", "pathogenic_or_benign": "P", "description": "Co-segregation with disease in multiple affected family members in a gene definitively known to\r\ncause the disease", "links": null}}, {"model": "germline_classification.classificationcriteriacode", "pk": 13, "fields": {"code": "PP2", "pathogenic_or_benign": "P", "description": "Missense variant in a gene that has a low rate of benign missense variation and in which\r\nmissense variants are a common mechanism of disease", "links": null}}, {"model": "germline_classification.classificationcriteriacode", "pk": 14, "fields": {"code": "PP3", "pathogenic_or_benign": "P", "description": "Computational evidence supports a deleterious effect on the gene or gene product (conservation,\r\nevolutionary, splicing impact, etc.)", "links": null}}, {"model": "germline_classification.classificationcriteriacode", "pk": 15, "fields": {"code": "PP4", "pathogenic_or_benign": "P", "description": "Patient\u2019s phenotype or family history is highly specific for a disease with a single genetic aetiology", "links": null}}, {"model": "germline_classification.classificationcriteriacode", "pk": 16, "fields": {"code": "BA1", "pathogenic_or_benign": "B", "description": "Allele frequency is above 5%", "links": null}}, {"model": "germline_classification.classificationcriteriacode", "pk": 17, "fields": {"code": "BS1", "pathogenic_or_benign": "B", "description": "Allele frequency is greater than expected for disorder", "links": null}}, {"model": "germline_classification.classificationcriteriacode", "pk": 18, "fields": {"code": "BS2", "pathogenic_or_benign": "B", "description": "Observed in a healthy adult individual for a recessive (homozygous), dominant (heterozygous), or\r\nX-linked (hemizygous) disorder with full penetrance expected at an early age", "links": null}}, {"model": "germline_classification.classificationcriteriacode", "pk": 19, "fields": {"code": "BS3", "pathogenic_or_benign": "B", "description": "Well-established in vitro or in vivo functional studies show no damaging effect on protein function", "links": "https://genomemedicine.biomedcentral.com/articles/10.1186/s13073-019-0690-2"}}, {"model": "germline_classification.classificationcriteriacode", "pk": 20, "fields": {"code": "BS4", "pathogenic_or_benign": "B", "description": "Non-segregation with disease", "links": null}}, {"model": "germline_classification.classificationcriteriacode", "pk": 21, "fields": {"code": "BP1", "pathogenic_or_benign": "B", "description": "Missense variant in a gene for which primarily truncating variants are known to cause disease", "links": null}}, {"model": "germline_classification.classificationcriteriacode", "pk": 22, "fields": {"code": "BP2", "pathogenic_or_benign": "B", "description": "Observed in trans (on different alleles) with a pathogenic variant for a fully penetrant dominant\r\ngene/disorder; or observed in cis (same allele) with a pathogenic variant in any inheritance pattern", "links": null}}, {"model": "germline_classification.classificationcriteriacode", "pk": 23, "fields": {"code": "BP3", "pathogenic_or_benign": "B", "description": "In-frame deletions/insertions in a repetitive region without a known function", "links": null}}, {"model": "germline_classification.classificationcriteriacode", "pk": 24, "fields": {"code": "BP4", "pathogenic_or_benign": "B", "description": "Multiple lines of computational evidence suggest no impact on gene or gene product", "links": null}}, {"model": "germline_classification.classificationcriteriacode", "pk": 25, "fields": {"code": "BP5", "pathogenic_or_benign": "B", "description": "Variant found in a case with an alternate molecular basis for disease", "links": null}}, {"model": "germline_classification.classificationcriteriacode", "pk": 26, "fields": {"code": "BP7", "pathogenic_or_benign": "B", "description": "A synonymous (silent) variant for which splicing prediction algorithms predict no impact to the\r\nsplice consensus sequence nor the creation of a new splice site AND the nucleotide is not highly\r\nconserved; splice variants where RNA studies have confirmed no impact", "links": null}}, {"model": "germline_classification.classificationcriteria", "pk": 1, "fields": {"code": 1, "strength": 1}}, {"model": "germline_classification.classificationcriteria", "pk": 2, "fields": {"code": 1, "strength": 2}}, {"model": "germline_classification.classificationcriteria", "pk": 3, "fields": {"code": 1, "strength": 3}}, {"model": "germline_classification.classificationcriteria", "pk": 4, "fields": {"code": 1, "strength": 4}}, {"model": "germline_classification.classificationcriteria", "pk": 5, "fields": {"code": 2, "strength": 2}}, {"model": "germline_classification.classificationcriteria", "pk": 6, "fields": {"code": 2, "strength": 3}}, {"model": "germline_classification.classificationcriteria", "pk": 7, "fields": {"code": 2, "strength": 4}}, {"model": "germline_classification.classificationcriteria", "pk": 8, "fields": {"code": 3, "strength": 1}}, {"model": "germline_classification.classificationcriteria", "pk": 9, "fields": {"code": 3, "strength": 2}}, {"model": "germline_classification.classificationcriteria", "pk": 10, "fields": {"code": 3, "strength": 3}}, {"model": "germline_classification.classificationcriteria", "pk": 11, "fields": {"code": 3, "strength": 4}}, {"model": "germline_classification.classificationcriteria", "pk": 12, "fields": {"code": 4, "strength": 1}}, {"model": "germline_classification.classificationcriteria", "pk": 13, "fields": {"code": 4, "strength": 2}}, {"model": "germline_classification.classificationcriteria", "pk": 14, "fields": {"code": 4, "strength": 3}}, {"model": "germline_classification.classificationcriteria", "pk": 15, "fields": {"code": 4, "strength": 4}}, {"model": "germline_classification.classificationcriteria", "pk": 16, "fields": {"code": 5, "strength": 2}}, {"model": "germline_classification.classificationcriteria", "pk": 17, "fields": {"code": 5, "strength": 3}}, {"model": "germline_classification.classificationcriteria", "pk": 18, "fields": {"code": 5, "strength": 4}}, {"model": "germline_classification.classificationcriteria", "pk": 19, "fields": {"code": 6, "strength": 2}}, {"model": "germline_classification.classificationcriteria", "pk": 20, "fields": {"code": 6, "strength": 3}}, {"model": "germline_classification.classificationcriteria", "pk": 21, "fields": {"code": 6, "strength": 4}}, {"model": "germline_classification.classificationcriteria", "pk": 22, "fields": {"code": 7, "strength": 3}}, {"model": "germline_classification.classificationcriteria", "pk": 23, "fields": {"code": 7, "strength": 4}}, {"model": "germline_classification.classificationcriteria", "pk": 24, "fields": {"code": 8, "strength": 3}}, {"model": "germline_classification.classificationcriteria", "pk": 25, "fields": {"code": 9, "strength": 3}}, {"model": "germline_classification.classificationcriteria", "pk": 26, "fields": {"code": 10, "strength": 3}}, {"model": "germline_classification.classificationcriteria", "pk": 27, "fields": {"code": 10, "strength": 4}}, {"model": "germline_classification.classificationcriteria", "pk": 28, "fields": {"code": 11, "strength": 1}}, {"model": "germline_classification.classificationcriteria", "pk": 29, "fields": {"code": 11, "strength": 2}}, {"model": "germline_classification.classificationcriteria", "pk": 30, "fields": {"code": 11, "strength": 3}}, {"model": "germline_classification.classificationcriteria", "pk": 31, "fields": {"code": 11, "strength": 4}}, {"model": "germline_classification.classificationcriteria", "pk": 32, "fields": {"code": 12, "strength": 4}}, {"model": "germline_classification.classificationcriteria", "pk": 33, "fields": {"code": 13, "strength": 4}}, {"model": "germline_classification.classificationcriteria", "pk": 34, "fields": {"code": 14, "strength": 2}}, {"model": "germline_classification.classificationcriteria", "pk": 35, "fields": {"code": 14, "strength": 3}}, {"model": "germline_classification.classificationcriteria", "pk": 36, "fields": {"code": 14, "strength": 4}}, {"model": "germline_classification.classificationcriteria", "pk": 37, "fields": {"code": 15, "strength": 2}}, {"model": "germline_classification.classificationcriteria", "pk": 38, "fields": {"code": 15, "strength": 3}}, {"model": "germline_classification.classificationcriteria", "pk": 39, "fields": {"code": 15, "strength": 4}}, {"model": "germline_classification.classificationcriteria", "pk": 40, "fields": {"code": 16, "strength": 8}}, {"model": "germline_classification.classificationcriteria", "pk": 41, "fields": {"code": 17, "strength": 7}}, {"model": "germline_classification.classificationcriteria", "pk": 42, "fields": {"code": 18, "strength": 7}}, {"model": "germline_classification.classificationcriteria", "pk": 43, "fields": {"code": 19, "strength": 7}}, {"model": "germline_classification.classificationcriteria", "pk": 44, "fields": {"code": 19, "strength": 6}}, {"model": "germline_classification.classificationcriteria", "pk": 45, "fields": {"code": 19, "strength": 5}}, {"model": "germline_classification.classificationcriteria", "pk": 46, "fields": {"code": 20, "strength": 2}}, {"model": "germline_classification.classificationcriteria", "pk": 47, "fields": {"code": 21, "strength": 5}}, {"model": "germline_classification.classificationcriteria", "pk": 48, "fields": {"code": 22, "strength": 5}}, {"model": "germline_classification.classificationcriteria", "pk": 49, "fields": {"code": 23, "strength": 5}}, {"model": "germline_classification.classificationcriteria", "pk": 50, "fields": {"code": 24, "strength": 5}}, {"model": "germline_classification.classificationcriteria", "pk": 52, "fields": {"code": 25, "strength": 5}}, {"model": "germline_classification.classificationcriteria", "pk": 53, "fields": {"code": 26, "strength": 7}}, {"model": "germline_classification.classificationcriteria", "pk": 54, "fields": {"code": 26, "strength": 5}}]